id,Age,Sex,Job,Housing,Saving accounts,Checking account,Credit amount,Credit,Duration,Purpose,age_polarize
0,67,Male,2,Own,Na,Little,1169,Common,6,Radio/Tv,Old
1,22,Female,2,Own,Little,Moderate,5951,Standart,48,Radio/Tv,Young
2,49,Male,1,Own,Little,Na,2096,Common,12,Education,Old
3,45,Male,2,Free,Little,Little,7882,Default-Risk,42,Furniture/Equipment,Old
4,53,Male,2,Free,Little,Little,4870,Standart,24,Car,Old
5,35,Male,1,Free,Na,Na,9055,Default-Risk,36,Education,Young
6,53,Male,2,Own,Quite Rich,Na,2835,Common,24,Furniture/Equipment,Old
7,35,Male,3,Rent,Little,Moderate,6948,Standart,36,Car,Young
8,61,Male,1,Own,Rich,Na,3059,Standart,12,Radio/Tv,Old
9,28,Male,3,Own,Little,Moderate,5234,Standart,30,Car,Young
10,25,Female,2,Rent,Little,Moderate,1295,Common,12,Car,Young
11,24,Female,2,Rent,Little,Little,4308,Standart,48,Business,Young
12,22,Female,2,Own,Little,Moderate,1567,Common,12,Radio/Tv,Young
13,60,Male,1,Own,Little,Little,1199,Common,24,Car,Old
14,28,Female,2,Rent,Little,Little,1403,Common,15,Car,Young
15,32,Female,1,Own,Moderate,Little,1282,Common,24,Radio/Tv,Young
16,53,Male,2,Own,Na,Na,2424,Common,24,Radio/Tv,Old
17,25,Male,2,Own,Na,Little,8072,Default-Risk,30,Business,Young
18,44,Female,3,Free,Little,Moderate,12579,Tail-Risk,24,Car,Young
19,31,Male,2,Own,Quite Rich,Na,3430,Standart,24,Radio/Tv,Young
20,48,Male,2,Own,Little,Na,2134,Common,9,Car,Old
21,44,Male,2,Rent,Quite Rich,Little,2647,Common,6,Radio/Tv,Young
22,48,Male,1,Rent,Little,Little,2241,Common,10,Car,Old
23,44,Male,2,Own,Moderate,Moderate,1804,Common,12,Car,Young
24,26,Male,2,Own,Na,Na,2069,Common,10,Furniture/Equipment,Young
25,36,Male,1,Own,Little,Little,1374,Common,6,Furniture/Equipment,Young
26,39,Male,1,Own,Little,Na,426,Low-Risk,6,Radio/Tv,Young
27,42,Female,2,Rent,Rich,Rich,409,Low-Risk,12,Radio/Tv,Young
28,34,Male,2,Own,Little,Moderate,2415,Common,7,Radio/Tv,Young
29,63,Male,2,Own,Little,Little,6836,Standart,60,Business,Old
30,36,Male,2,Own,Rich,Moderate,1913,Common,18,Business,Young
31,27,Male,2,Own,Little,Little,4020,Standart,24,Furniture/Equipment,Young
32,30,Male,2,Own,Moderate,Moderate,5866,Standart,18,Car,Young
33,57,Male,1,Rent,Na,Na,1264,Common,12,Business,Old
34,33,Female,3,Own,Little,Rich,1474,Common,12,Furniture/Equipment,Young
35,25,Male,1,Own,Little,Moderate,4746,Standart,45,Radio/Tv,Young
36,31,Male,2,Free,Little,Na,6110,Standart,48,Education,Young
37,37,Male,2,Own,Little,Rich,2100,Common,18,Radio/Tv,Young
38,37,Male,2,Own,Little,Rich,1225,Common,10,Domestic Appliances,Young
39,24,Male,2,Own,Little,Moderate,458,Low-Risk,9,Radio/Tv,Young
40,30,Male,3,Own,Quite Rich,Na,2333,Common,30,Radio/Tv,Young
41,26,Male,2,Own,Quite Rich,Moderate,1158,Common,12,Radio/Tv,Young
42,44,Male,1,Own,Little,Moderate,6204,Standart,18,Repairs,Young
43,24,Male,2,Rent,Moderate,Little,6187,Standart,30,Car,Young
44,58,Female,1,Free,Little,Little,6143,Standart,48,Car,Old
45,35,Female,3,Own,Little,Na,1393,Common,11,Car,Young
46,39,Male,2,Own,Quite Rich,Na,2299,Common,36,Radio/Tv,Young
47,23,Female,0,Rent,Quite Rich,Little,1352,Common,6,Car,Young
48,39,Male,1,Own,Little,Na,7228,Default-Risk,11,Car,Young
49,28,Female,2,Own,Moderate,Na,2073,Common,12,Radio/Tv,Young
50,29,Male,1,Own,Na,Moderate,2333,Common,24,Furniture/Equipment,Young
51,30,Male,3,Own,Little,Moderate,5965,Standart,27,Car,Young
52,25,Male,2,Own,Little,Na,1262,Common,12,Radio/Tv,Young
53,31,Male,2,Own,Na,Na,3378,Standart,18,Car,Young
54,57,Male,2,Free,Little,Moderate,2225,Common,36,Car,Old
55,26,Male,1,Own,Na,Na,783,Low-Risk,6,Car,Young
56,52,Male,3,Own,Na,Moderate,6468,Standart,12,Radio/Tv,Old
57,31,Female,2,Own,Little,Na,9566,Default-Risk,36,Radio/Tv,Young
58,23,Female,3,Own,Little,Rich,1961,Common,18,Car,Young
59,23,Female,1,Rent,Little,Little,6229,Standart,36,Furniture/Equipment,Young
60,27,Male,2,Own,Little,Moderate,1391,Common,9,Business,Young
61,50,Male,2,Own,Na,Moderate,1537,Common,15,Radio/Tv,Old
62,61,Male,3,Free,Little,Moderate,1953,Common,36,Business,Old
63,25,Male,2,Own,Little,Moderate,14421,Tail-Risk,48,Business,Young
64,26,Female,2,Own,Little,Na,3181,Standart,24,Radio/Tv,Young
65,48,Male,2,Own,Na,Na,5190,Standart,27,Repairs,Old
66,29,Female,2,Own,Little,Na,2171,Common,12,Radio/Tv,Young
67,22,Male,2,Own,Rich,Moderate,1007,Common,12,Car,Young
68,37,Male,2,Free,Little,Na,1819,Common,36,Education,Young
69,25,Female,2,Own,Na,Na,2394,Common,36,Radio/Tv,Young
70,30,Female,2,Own,Little,Na,8133,Default-Risk,36,Car,Young
71,46,Male,1,Rent,Na,Na,730,Low-Risk,7,Radio/Tv,Old
72,51,Male,3,Free,Little,Little,1164,Common,8,Vacation/Others,Old
73,41,Female,1,Own,Little,Moderate,5954,Standart,42,Business,Young
74,40,Male,3,Own,Na,Little,1977,Common,36,Education,Young
75,66,Male,3,Free,Little,Little,1526,Common,12,Car,Old
76,34,Male,2,Own,Little,Little,3965,Standart,42,Radio/Tv,Young
77,51,Male,2,Own,Little,Moderate,4771,Standart,11,Radio/Tv,Old
78,39,Male,1,Own,Na,Na,9436,Default-Risk,54,Car,Young
79,22,Male,2,Own,Little,Moderate,3832,Standart,30,Furniture/Equipment,Young
80,44,Female,2,Own,Na,Na,5943,Standart,24,Radio/Tv,Young
81,47,Male,2,Own,Quite Rich,Na,1213,Common,15,Radio/Tv,Old
82,24,Female,1,Rent,Moderate,Na,1568,Common,18,Business,Young
83,58,Female,1,Own,Little,Little,1755,Common,24,Vacation/Others,Old
84,52,Male,1,Own,Little,Little,2315,Common,10,Radio/Tv,Old
85,29,Female,3,Own,Little,Na,1412,Common,12,Business,Young
86,27,Female,2,Own,Little,Moderate,1295,Common,18,Furniture/Equipment,Young
87,47,Male,2,Free,Moderate,Moderate,12612,Tail-Risk,36,Education,Old
88,30,Male,3,Own,Moderate,Little,2249,Common,18,Car,Young
89,28,Male,2,Own,Little,Little,1108,Common,12,Repairs,Young
90,56,Male,2,Own,Little,Na,618,Low-Risk,12,Radio/Tv,Old
91,54,Male,2,Own,Little,Little,1409,Common,12,Car,Old
92,33,Female,1,Own,Na,Na,797,Low-Risk,12,Radio/Tv,Young
93,20,Male,2,Rent,Na,Rich,3617,Standart,24,Furniture/Equipment,Young
94,54,Male,2,Own,Rich,Moderate,1318,Common,12,Car,Old
95,58,Male,2,Rent,Little,Moderate,15945,Tail-Risk,54,Business,Old
96,61,Female,2,Own,Na,Na,2012,Common,12,Education,Old
97,34,Male,2,Own,Moderate,Moderate,2622,Common,18,Business,Young
98,36,Male,2,Own,Little,Moderate,2337,Common,36,Radio/Tv,Young
99,36,Male,3,Rent,Na,Moderate,7057,Default-Risk,20,Car,Young
100,41,Male,1,Rent,Moderate,Na,1469,Common,24,Car,Young
101,24,Male,2,Rent,Little,Moderate,2323,Common,36,Radio/Tv,Young
102,24,Female,2,Own,Little,Na,932,Low-Risk,6,Radio/Tv,Young
103,35,Male,2,Rent,Little,Moderate,1919,Common,9,Furniture/Equipment,Young
104,26,Male,2,Rent,Na,Na,2445,Common,12,Car,Young
105,39,Male,3,Own,Little,Moderate,11938,Default-Risk,24,Vacation/Others,Young
106,39,Male,3,Own,Little,Na,6458,Standart,18,Car,Young
107,32,Male,2,Own,Little,Moderate,6078,Standart,12,Car,Young
108,30,Female,2,Own,Na,Little,7721,Default-Risk,24,Furniture/Equipment,Young
109,35,Male,2,Own,Quite Rich,Moderate,1410,Common,14,Business,Young
110,31,Male,2,Own,Moderate,Moderate,1449,Common,6,Business,Young
111,23,Female,2,Rent,Little,Rich,392,Low-Risk,15,Education,Young
112,28,Male,1,Rent,Little,Moderate,6260,Standart,18,Car,Young
113,25,Female,2,Own,Little,Na,7855,Default-Risk,36,Car,Young
114,35,Male,2,Own,Quite Rich,Little,1680,Common,12,Radio/Tv,Young
115,47,Male,2,Own,Na,Na,3578,Standart,48,Radio/Tv,Old
116,30,Female,3,Own,Na,Little,7174,Default-Risk,42,Radio/Tv,Young
117,27,Female,2,Rent,Na,Little,2132,Common,10,Furniture/Equipment,Young
118,23,Female,2,Own,Quite Rich,Little,4281,Standart,33,Furniture/Equipment,Young
119,36,Male,3,Own,Quite Rich,Moderate,2366,Common,12,Car,Young
120,25,Female,2,Own,Little,Little,1835,Common,21,Radio/Tv,Young
121,41,Female,3,Rent,Little,Na,3868,Standart,24,Car,Young
122,24,Male,1,Rent,Little,Na,1768,Common,12,Furniture/Equipment,Young
123,63,Male,2,Free,Little,Rich,781,Low-Risk,10,Car,Old
124,27,Female,2,Rent,Na,Moderate,1924,Common,18,Furniture/Equipment,Young
125,30,Male,2,Own,Little,Little,2121,Common,12,Car,Young
126,40,Male,1,Own,Little,Little,701,Low-Risk,12,Radio/Tv,Young
127,30,Male,2,Own,Little,Moderate,639,Low-Risk,12,Repairs,Young
128,34,Male,3,Own,Little,Moderate,1860,Common,12,Car,Young
129,29,Female,2,Own,Little,Little,3499,Standart,12,Car,Young
130,24,Female,2,Own,Na,Moderate,8487,Default-Risk,48,Car,Young
131,29,Male,2,Own,Little,Little,6887,Standart,36,Education,Young
132,27,Male,1,Own,Little,Na,2708,Common,15,Furniture/Equipment,Young
133,47,Male,2,Free,Little,Na,1984,Common,18,Furniture/Equipment,Old
134,21,Female,2,Own,Moderate,Na,10144,Default-Risk,60,Radio/Tv,Young
135,38,Female,2,Own,Na,Na,1240,Common,12,Radio/Tv,Young
136,27,Male,2,Own,Rich,Na,8613,Default-Risk,27,Car,Young
137,66,Male,1,Own,Quite Rich,Moderate,766,Low-Risk,12,Radio/Tv,Old
138,35,Male,2,Own,Na,Moderate,2728,Common,15,Radio/Tv,Young
139,44,Female,1,Rent,Little,Rich,1881,Common,12,Radio/Tv,Young
140,27,Male,0,Own,Rich,Rich,709,Low-Risk,6,Car,Young
141,30,Female,3,Own,Little,Moderate,4795,Standart,36,Radio/Tv,Young
142,27,Male,3,Own,Little,Little,3416,Standart,27,Radio/Tv,Young
143,22,Male,2,Own,Little,Little,2462,Common,18,Furniture/Equipment,Young
144,23,Female,2,Own,Little,Na,2288,Common,21,Furniture/Equipment,Young
145,30,Male,2,Own,Moderate,Moderate,3566,Standart,48,Business,Young
146,39,Female,2,Own,Little,Little,860,Low-Risk,6,Car,Young
147,51,Female,2,Own,Moderate,Na,682,Low-Risk,12,Car,Old
148,28,Male,2,Own,Little,Little,5371,Standart,36,Furniture/Equipment,Young
149,46,Male,2,Own,Rich,Na,1582,Common,18,Radio/Tv,Old
150,42,Male,2,Free,Moderate,Na,1346,Common,6,Radio/Tv,Young
151,38,Male,2,Own,Little,Na,1924,Common,10,Radio/Tv,Young
152,24,Male,2,Own,Little,Rich,5848,Standart,36,Radio/Tv,Young
153,29,Female,2,Rent,Rich,Moderate,7758,Default-Risk,24,Car,Young
154,36,Male,3,Rent,Moderate,Moderate,6967,Standart,24,Business,Young
155,20,Female,2,Rent,Little,Little,1282,Common,12,Furniture/Equipment,Young
156,48,Male,2,Own,Moderate,Little,1288,Common,9,Repairs,Old
157,45,Male,1,Own,Little,Little,339,Low-Risk,12,Education,Old
158,38,Male,2,Own,Moderate,Moderate,3512,Standart,24,Car,Young
159,34,Male,1,Own,Na,Na,1898,Common,6,Radio/Tv,Young
160,36,Male,2,Own,Moderate,Na,2872,Common,24,Radio/Tv,Young
161,30,Female,2,Own,Little,Na,1055,Common,18,Car,Young
162,36,Male,2,Own,Quite Rich,Na,1262,Common,15,Domestic Appliances,Young
163,70,Male,3,Free,Little,Moderate,7308,Default-Risk,10,Car,Old
164,36,Male,2,Own,Quite Rich,Na,909,Low-Risk,36,Car,Young
165,32,Male,2,Own,Quite Rich,Na,2978,Common,6,Furniture/Equipment,Young
166,33,Female,2,Own,Little,Little,1131,Common,18,Furniture/Equipment,Young
167,20,Female,2,Own,Rich,Moderate,1577,Common,11,Furniture/Equipment,Young
168,25,Female,2,Rent,Little,Na,3972,Standart,24,Furniture/Equipment,Young
169,31,Male,2,Own,Little,Moderate,1935,Common,24,Business,Young
170,33,Male,2,Rent,Little,Little,950,Low-Risk,15,Car,Young
171,26,Female,2,Own,Little,Na,763,Low-Risk,12,Furniture/Equipment,Young
172,34,Female,3,Own,Little,Moderate,2064,Common,24,Furniture/Equipment,Young
173,33,Male,2,Own,Little,Moderate,1414,Common,8,Radio/Tv,Young
174,26,Male,2,Own,Little,Little,3414,Standart,21,Education,Young
175,53,Female,3,Own,Na,Na,7485,Default-Risk,30,Car,Old
176,42,Male,2,Own,Little,Little,2577,Common,12,Furniture/Equipment,Young
177,52,Male,2,Own,Quite Rich,Little,338,Low-Risk,6,Radio/Tv,Old
178,31,Male,3,Rent,Little,Na,1963,Common,12,Radio/Tv,Young
179,65,Male,2,Own,Little,Little,571,Low-Risk,21,Car,Old
180,28,Male,2,Own,Little,Na,9572,Default-Risk,36,Business,Young
181,30,Male,3,Own,Little,Moderate,4455,Standart,36,Business,Young
182,40,Male,1,Own,Na,Little,1647,Common,21,Car,Young
183,50,Male,2,Own,Rich,Na,3777,Standart,24,Furniture/Equipment,Old
184,36,Male,2,Own,Little,Moderate,884,Low-Risk,18,Car,Young
185,31,Male,2,Own,Little,Na,1360,Common,15,Radio/Tv,Young
186,74,Female,3,Free,Little,Moderate,5129,Standart,9,Car,Old
187,68,Male,0,Free,Little,Moderate,1175,Common,16,Car,Old
188,20,Male,2,Own,Moderate,Little,674,Low-Risk,12,Radio/Tv,Young
189,33,Female,2,Own,Little,Moderate,3244,Standart,18,Furniture/Equipment,Young
190,54,Male,3,Own,Rich,Na,4591,Standart,24,Business,Old
191,34,Male,1,Free,Moderate,Moderate,3844,Standart,48,Business,Young
192,36,Male,2,Own,Little,Moderate,3915,Standart,27,Business,Young
193,29,Male,2,Rent,Little,Na,2108,Common,6,Radio/Tv,Young
194,21,Male,2,Rent,Moderate,Moderate,3031,Standart,45,Radio/Tv,Young
195,34,Female,3,Own,Little,Moderate,1501,Common,9,Education,Young
196,28,Female,2,Own,Little,Na,1382,Common,6,Radio/Tv,Young
197,27,Female,2,Rent,Moderate,Moderate,951,Low-Risk,12,Furniture/Equipment,Young
198,36,Male,2,Free,Na,Moderate,2760,Common,24,Car,Young
199,40,Male,3,Own,Little,Moderate,4297,Standart,18,Furniture/Equipment,Young
200,52,Male,2,Own,Quite Rich,Na,936,Low-Risk,9,Education,Old
201,27,Male,1,Own,Little,Little,1168,Common,12,Car,Young
202,26,Male,2,Own,Little,Na,5117,Standart,27,Business,Young
203,21,Male,2,Rent,Little,Little,902,Low-Risk,12,Education,Young
204,38,Male,1,Own,Little,Na,1495,Common,12,Car,Young
205,38,Male,3,Free,Little,Little,10623,Default-Risk,30,Car,Young
206,43,Male,2,Own,Little,Na,1935,Common,12,Furniture/Equipment,Young
207,26,Male,2,Own,Little,Moderate,1424,Common,12,Domestic Appliances,Young
208,21,Male,1,Own,Little,Little,6568,Standart,24,Business,Young
209,55,Male,2,Own,Rich,Na,1413,Common,12,Car,Old
210,33,Male,2,Own,Na,Na,3074,Standart,9,Radio/Tv,Young
211,45,Female,1,Own,Na,Na,3835,Standart,36,Radio/Tv,Old
212,50,Male,2,Own,Little,Little,5293,Standart,27,Business,Old
213,66,Male,3,Own,Little,Rich,1908,Common,30,Business,Old
214,51,Male,2,Own,Na,Na,3342,Standart,36,Radio/Tv,Old
215,39,Female,1,Own,Na,Moderate,932,Low-Risk,6,Education,Young
216,31,Male,2,Own,Little,Little,3104,Standart,18,Business,Young
217,23,Male,2,Own,Little,Rich,3913,Standart,36,Radio/Tv,Young
218,24,Male,1,Rent,Little,Little,3021,Standart,24,Furniture/Equipment,Young
219,64,Female,2,Own,Little,Na,1364,Common,10,Car,Old
220,26,Male,1,Own,Little,Moderate,625,Low-Risk,12,Radio/Tv,Young
221,23,Female,2,Rent,Na,Little,1200,Common,12,Education,Young
222,30,Male,2,Own,Little,Na,707,Low-Risk,12,Radio/Tv,Young
223,32,Male,2,Own,Na,Na,2978,Common,24,Business,Young
224,30,Male,2,Own,Little,Na,4657,Standart,15,Car,Young
225,27,Male,2,Own,Little,Na,2613,Common,36,Repairs,Young
226,27,Male,2,Own,Rich,Moderate,10961,Default-Risk,48,Radio/Tv,Young
227,53,Male,3,Free,Little,Little,7865,Default-Risk,12,Furniture/Equipment,Old
228,22,Male,2,Own,Little,Na,1478,Common,9,Radio/Tv,Young
229,22,Male,2,Free,Little,Little,3149,Standart,24,Furniture/Equipment,Young
230,26,Male,2,Own,Little,Rich,4210,Standart,36,Radio/Tv,Young
231,51,Male,1,Free,Quite Rich,Na,2507,Common,9,Car,Old
232,35,Male,2,Own,Moderate,Na,2141,Common,12,Radio/Tv,Young
233,25,Male,1,Own,Little,Moderate,866,Low-Risk,18,Radio/Tv,Young
234,42,Male,1,Own,Little,Na,1544,Common,4,Radio/Tv,Young
235,30,Male,3,Own,Little,Little,1823,Common,24,Radio/Tv,Young
236,23,Male,0,Own,Na,Moderate,14555,Tail-Risk,6,Car,Young
237,61,Male,1,Rent,Moderate,Moderate,2767,Common,21,Business,Old
238,35,Female,2,Own,Little,Na,1291,Common,12,Radio/Tv,Young
239,39,Male,2,Own,Little,Little,2522,Common,30,Radio/Tv,Young
240,29,Female,2,Own,Na,Little,915,Low-Risk,24,Car,Young
241,51,Male,2,Own,Little,Na,1595,Common,6,Radio/Tv,Old
242,24,Male,2,Free,Little,Little,4605,Standart,48,Car,Young
243,27,Female,2,Own,Little,Na,1185,Common,12,Business,Young
244,35,Female,1,Own,Quite Rich,Na,3447,Standart,12,Education,Young
245,25,Male,2,Own,Little,Na,1258,Common,24,Business,Young
246,52,Male,2,Own,Little,Na,717,Low-Risk,12,Radio/Tv,Old
247,35,Male,2,Rent,Moderate,Na,1204,Common,6,Car,Young
248,26,Male,2,Own,Little,Rich,1925,Common,24,Furniture/Equipment,Young
249,22,Female,2,Rent,Little,Na,433,Low-Risk,18,Radio/Tv,Young
250,39,Female,1,Own,Rich,Little,666,Low-Risk,6,Car,Young
251,46,Female,1,Own,Little,Rich,2251,Common,12,Furniture/Equipment,Old
252,24,Female,2,Own,Little,Moderate,2150,Common,30,Car,Young
253,35,Male,2,Own,Moderate,Na,4151,Standart,24,Furniture/Equipment,Young
254,24,Male,2,Own,Na,Moderate,2030,Common,9,Furniture/Equipment,Young
255,27,Male,1,Own,Na,Moderate,7418,Default-Risk,60,Radio/Tv,Young
256,35,Male,1,Own,Little,Na,2684,Common,24,Radio/Tv,Young
257,29,Male,2,Free,Little,Little,2149,Common,12,Radio/Tv,Young
258,23,Female,2,Own,Moderate,Na,3812,Standart,15,Car,Young
259,57,Female,1,Own,Moderate,Na,1154,Common,11,Radio/Tv,Old
260,27,Male,2,Own,Little,Little,1657,Common,12,Furniture/Equipment,Young
261,55,Female,2,Own,Little,Little,1603,Common,24,Radio/Tv,Old
262,36,Male,3,Free,Little,Little,5302,Standart,18,Car,Young
263,57,Female,1,Free,Little,Na,2748,Common,12,Education,Old
264,32,Male,1,Own,Little,Na,1231,Common,10,Car,Young
265,37,Male,2,Own,Little,Moderate,802,Low-Risk,15,Radio/Tv,Young
266,36,Male,2,Own,Na,Na,6304,Standart,36,Business,Young
267,38,Female,2,Own,Little,Na,1533,Common,24,Radio/Tv,Young
268,45,Male,3,Own,Little,Little,8978,Default-Risk,14,Car,Old
269,25,Male,2,Own,Na,Na,999,Low-Risk,24,Radio/Tv,Young
270,32,Male,2,Own,Na,Na,2662,Common,18,Car,Young
271,37,Female,2,Rent,Quite Rich,Na,1402,Common,12,Furniture/Equipment,Young
272,36,Male,3,Free,Na,Moderate,12169,Tail-Risk,48,Car,Young
273,28,Male,2,Own,Little,Moderate,3060,Standart,48,Radio/Tv,Young
274,34,Male,1,Own,Little,Little,11998,Default-Risk,30,Repairs,Young
275,32,Male,2,Own,Little,Na,2697,Common,9,Radio/Tv,Young
276,26,Female,2,Own,Little,Na,2404,Common,18,Radio/Tv,Young
277,49,Male,1,Own,Na,Little,1262,Common,12,Furniture/Equipment,Old
278,32,Female,2,Own,Little,Na,4611,Standart,6,Furniture/Equipment,Young
279,29,Male,3,Rent,Moderate,Na,1901,Common,24,Radio/Tv,Young
280,23,Male,2,Rent,Rich,Na,3368,Standart,15,Car,Young
281,50,Male,2,Own,Little,Na,1574,Common,12,Furniture/Equipment,Old
282,49,Male,1,Own,Na,Rich,1445,Common,18,Radio/Tv,Old
283,63,Male,2,Own,Na,Na,1520,Common,15,Furniture/Equipment,Old
284,37,Male,2,Own,Moderate,Moderate,3878,Standart,24,Car,Young
285,35,Female,1,Own,Little,Little,10722,Default-Risk,47,Car,Young
286,26,Male,2,Own,Little,Little,4788,Standart,48,Car,Young
287,31,Male,3,Free,Moderate,Moderate,7582,Default-Risk,48,Vacation/Others,Young
288,49,Female,2,Own,Little,Moderate,1092,Common,12,Radio/Tv,Old
289,48,Male,2,Own,Little,Little,1024,Common,24,Radio/Tv,Old
290,26,Male,2,Own,Little,Na,1076,Common,12,Business,Young
291,28,Male,3,Rent,Little,Moderate,9398,Default-Risk,36,Car,Young
292,44,Female,3,Free,Little,Little,6419,Standart,24,Car,Young
293,56,Male,2,Free,Little,Rich,4796,Standart,42,Car,Old
294,46,Male,3,Own,Na,Na,7629,Default-Risk,48,Business,Old
295,26,Female,2,Own,Little,Moderate,9960,Default-Risk,48,Furniture/Equipment,Young
296,20,Female,2,Rent,Na,Na,4675,Standart,12,Car,Young
297,45,Male,1,Own,Na,Na,1287,Common,10,Car,Old
298,43,Male,2,Own,Little,Na,2515,Common,18,Furniture/Equipment,Young
299,32,Male,2,Own,Rich,Moderate,2745,Common,21,Furniture/Equipment,Young
300,54,Female,0,Own,Little,Na,672,Low-Risk,6,Car,Old
301,42,Female,2,Own,Little,Moderate,3804,Standart,36,Radio/Tv,Young
302,37,Male,1,Own,Na,Rich,1344,Common,24,Car,Young
303,49,Male,2,Own,Little,Little,1038,Common,10,Car,Old
304,44,Male,2,Free,Quite Rich,Na,10127,Default-Risk,48,Car,Young
305,33,Male,2,Own,Rich,Na,1543,Common,6,Furniture/Equipment,Young
306,24,Female,1,Rent,Na,Na,4811,Standart,30,Car,Young
307,33,Male,1,Own,Moderate,Little,727,Low-Risk,12,Radio/Tv,Young
308,24,Female,2,Own,Little,Moderate,1237,Common,8,Furniture/Equipment,Young
309,22,Male,1,Rent,Little,Moderate,276,Low-Risk,9,Car,Young
310,40,Male,0,Free,Na,Moderate,5381,Standart,48,Vacation/Others,Young
311,25,Male,2,Own,Moderate,Na,5511,Standart,24,Furniture/Equipment,Young
312,26,Female,2,Own,Little,Rich,3749,Standart,24,Furniture/Equipment,Young
313,25,Male,1,Own,Little,Moderate,685,Low-Risk,12,Car,Young
314,29,Male,1,Own,Na,Rich,1494,Common,4,Car,Young
315,31,Male,2,Own,Little,Little,2746,Common,36,Furniture/Equipment,Young
316,38,Male,1,Own,Little,Little,708,Low-Risk,12,Furniture/Equipment,Young
317,48,Female,1,Own,Na,Moderate,4351,Standart,24,Furniture/Equipment,Old
318,32,Male,2,Own,Little,Na,701,Low-Risk,12,Education,Young
319,27,Female,1,Own,Little,Little,3643,Standart,15,Furniture/Equipment,Young
320,28,Male,3,Own,Little,Moderate,4249,Standart,30,Car,Young
321,32,Male,2,Own,Little,Little,1938,Common,24,Radio/Tv,Young
322,34,Male,3,Free,Little,Little,2910,Common,24,Car,Young
323,28,Male,2,Own,Rich,Little,2659,Common,18,Furniture/Equipment,Young
324,36,Female,2,Own,Little,Na,1028,Common,18,Car,Young
325,39,Male,1,Own,Little,Little,3398,Standart,8,Car,Young
326,49,Male,2,Rent,Na,Na,5801,Standart,12,Furniture/Equipment,Old
327,34,Female,2,Own,Rich,Na,1525,Common,24,Car,Young
328,31,Male,2,Own,Little,Rich,4473,Standart,36,Radio/Tv,Young
329,28,Male,2,Own,Little,Moderate,1068,Common,6,Radio/Tv,Young
330,75,Male,3,Free,Little,Little,6615,Standart,24,Car,Old
331,30,Female,2,Own,Moderate,Na,1864,Common,18,Education,Young
332,24,Female,3,Own,Moderate,Moderate,7408,Default-Risk,60,Car,Young
333,24,Female,1,Rent,Moderate,Na,11590,Default-Risk,48,Car,Young
334,23,Male,2,Rent,Little,Little,4110,Standart,24,Furniture/Equipment,Young
335,44,Male,3,Rent,Little,Little,3384,Standart,6,Furniture/Equipment,Young
336,23,Female,1,Own,Little,Moderate,2101,Common,13,Radio/Tv,Young
337,24,Female,2,Rent,Na,Little,1275,Common,15,Domestic Appliances,Young
338,28,Male,2,Own,Little,Little,4169,Standart,24,Furniture/Equipment,Young
339,31,Male,1,Own,Little,Moderate,1521,Common,10,Furniture/Equipment,Young
340,24,Female,2,Free,Little,Moderate,5743,Standart,24,Education,Young
341,26,Female,1,Rent,Little,Little,3599,Standart,21,Furniture/Equipment,Young
342,25,Male,2,Rent,Quite Rich,Moderate,3213,Standart,18,Radio/Tv,Young
343,33,Male,3,Own,Little,Moderate,4439,Standart,18,Business,Young
344,37,Male,1,Own,Little,Rich,3949,Standart,10,Car,Young
345,43,Female,1,Own,Little,Na,1459,Common,15,Radio/Tv,Young
346,23,Male,2,Own,Little,Moderate,882,Low-Risk,13,Radio/Tv,Young
347,23,Female,0,Rent,Quite Rich,Moderate,3758,Standart,24,Radio/Tv,Young
348,34,Male,1,Own,Moderate,Na,1743,Common,6,Business,Young
349,32,Male,2,Free,Rich,Moderate,1136,Common,9,Education,Young
350,23,Female,2,Rent,Little,Na,1236,Common,9,Domestic Appliances,Young
351,29,Female,2,Own,Little,Moderate,959,Low-Risk,9,Furniture/Equipment,Young
352,38,Male,3,Own,Na,Na,3229,Standart,18,Car,Young
353,28,Male,2,Rent,Little,Little,6199,Standart,12,Radio/Tv,Young
354,46,Male,2,Free,Quite Rich,Na,727,Low-Risk,10,Education,Old
355,23,Male,1,Own,Little,Moderate,1246,Common,24,Car,Young
356,49,Male,2,Own,Na,Na,2331,Common,12,Radio/Tv,Old
357,26,Male,3,Own,Little,Na,4463,Standart,36,Radio/Tv,Young
358,28,Male,2,Own,Little,Na,776,Low-Risk,12,Radio/Tv,Young
359,23,Female,2,Rent,Little,Little,2406,Common,30,Furniture/Equipment,Young
360,61,Male,2,Free,Na,Moderate,1239,Common,18,Education,Old
361,37,Male,3,Own,Na,Rich,3399,Standart,12,Radio/Tv,Young
362,36,Female,2,Own,Little,Rich,2247,Common,12,Car,Young
363,21,Male,2,Rent,Little,Na,1766,Common,6,Furniture/Equipment,Young
364,25,Male,0,Own,Little,Little,2473,Common,18,Furniture/Equipment,Young
365,36,Male,2,Own,Little,Na,1542,Common,12,Business,Young
366,27,Male,2,Own,Little,Na,3850,Standart,18,Car,Young
367,22,Female,2,Rent,Little,Little,3650,Standart,18,Furniture/Equipment,Young
368,42,Male,2,Own,Little,Little,3446,Standart,36,Furniture/Equipment,Young
369,40,Female,2,Rent,Little,Moderate,3001,Standart,18,Furniture/Equipment,Young
370,36,Male,2,Own,Na,Na,3079,Standart,36,Car,Young
371,33,Male,2,Own,Little,Na,6070,Standart,18,Radio/Tv,Young
372,23,Female,2,Rent,Little,Na,2146,Common,10,Furniture/Equipment,Young
373,63,Male,3,Free,Na,Na,13756,Tail-Risk,60,Car,Old
374,60,Female,3,Free,Moderate,Moderate,14782,Tail-Risk,60,Vacation/Others,Old
375,37,Female,2,Rent,Little,Little,7685,Default-Risk,48,Business,Young
376,34,Male,2,Own,Little,Na,2320,Common,18,Radio/Tv,Young
377,36,Male,2,Free,Na,Na,846,Low-Risk,7,Radio/Tv,Young
378,57,Male,3,Free,Little,Moderate,14318,Tail-Risk,36,Car,Old
379,52,Female,1,Own,Moderate,Na,362,Low-Risk,6,Car,Old
380,39,Male,2,Own,Na,Little,2212,Common,20,Furniture/Equipment,Young
381,38,Female,3,Free,Little,Moderate,12976,Tail-Risk,18,Car,Young
382,25,Female,2,Rent,Na,Na,1283,Common,22,Car,Young
383,26,Male,2,Own,Little,Rich,1330,Common,12,Car,Young
384,26,Male,1,Own,Moderate,Na,4272,Standart,30,Business,Young
385,25,Female,2,Own,Little,Na,2238,Common,18,Radio/Tv,Young
386,21,Female,2,Rent,Na,Na,1126,Common,18,Radio/Tv,Young
387,40,Male,3,Own,Little,Moderate,7374,Default-Risk,18,Furniture/Equipment,Young
388,27,Male,2,Own,Quite Rich,Moderate,2326,Common,15,Business,Young
389,27,Female,2,Own,Little,Na,1449,Common,9,Business,Young
390,30,Male,3,Own,Little,Na,1820,Common,18,Car,Young
391,19,Female,1,Rent,Rich,Moderate,983,Low-Risk,12,Furniture/Equipment,Young
392,39,Male,3,Free,Little,Little,3249,Standart,36,Car,Young
393,31,Female,2,Own,Little,Little,1957,Common,6,Radio/Tv,Young
394,31,Male,3,Own,Little,Na,2406,Common,9,Furniture/Equipment,Young
395,32,Male,2,Rent,Moderate,Moderate,11760,Default-Risk,39,Education,Young
396,55,Female,3,Free,Little,Little,2578,Common,12,Furniture/Equipment,Old
397,46,Male,2,Own,Little,Little,2348,Common,36,Furniture/Equipment,Old
398,46,Male,2,Rent,Little,Moderate,1223,Common,12,Car,Old
399,43,Female,1,Own,Rich,Na,1516,Common,24,Radio/Tv,Young
400,39,Male,2,Own,Little,Na,1473,Common,18,Radio/Tv,Young
401,28,Male,2,Own,Na,Moderate,1887,Common,18,Business,Young
402,27,Male,2,Own,Little,Na,8648,Default-Risk,24,Business,Young
403,27,Male,1,Own,Little,Na,802,Low-Risk,14,Car,Young
404,43,Male,2,Own,Na,Moderate,2899,Common,18,Car,Young
405,22,Male,2,Own,Little,Moderate,2039,Common,24,Radio/Tv,Young
406,43,Male,2,Own,Na,Na,2197,Common,24,Car,Young
407,27,Male,2,Own,Little,Little,1053,Common,15,Radio/Tv,Young
408,26,Male,3,Own,Quite Rich,Na,3235,Standart,24,Radio/Tv,Young
409,28,Male,2,Own,Quite Rich,Rich,939,Low-Risk,12,Car,Young
410,20,Female,2,Own,Little,Moderate,1967,Common,24,Radio/Tv,Young
411,35,Male,3,Own,Little,Na,7253,Default-Risk,33,Car,Young
412,42,Male,3,Own,Little,Na,2292,Common,12,Business,Young
413,40,Male,1,Rent,Quite Rich,Na,1597,Common,10,Car,Young
414,35,Female,2,Own,Na,Little,1381,Common,24,Car,Young
415,35,Male,2,Own,Little,Na,5842,Standart,36,Car,Young
416,33,Male,1,Own,Little,Little,2579,Common,12,Car,Young
417,23,Female,2,Rent,Na,Little,8471,Default-Risk,18,Education,Young
418,31,Female,3,Own,Quite Rich,Na,2782,Common,21,Car,Young
419,33,Female,2,Own,Na,Moderate,1042,Common,18,Car,Young
420,20,Female,2,Rent,Rich,Na,3186,Standart,15,Car,Young
421,30,Male,2,Own,Na,Moderate,2028,Common,12,Car,Young
422,47,Male,1,Own,Little,Moderate,958,Low-Risk,12,Car,Old
423,34,Male,3,Own,Moderate,Na,1591,Common,21,Furniture/Equipment,Young
424,25,Female,2,Own,Na,Moderate,2762,Common,12,Furniture/Equipment,Young
425,21,Male,2,Rent,Little,Moderate,2779,Common,18,Car,Young
426,29,Male,2,Own,Little,Na,2743,Common,28,Radio/Tv,Young
427,46,Male,2,Own,Rich,Na,1149,Common,18,Radio/Tv,Old
428,20,Male,2,Own,Little,Na,1313,Common,9,Furniture/Equipment,Young
429,55,Female,0,Free,Little,Little,1190,Common,18,Repairs,Old
430,74,Male,1,Own,Little,Na,3448,Standart,5,Business,Old
431,29,Male,3,Own,Little,Moderate,11328,Default-Risk,24,Vacation/Others,Young
432,36,Male,3,Free,Little,Little,1872,Common,6,Furniture/Equipment,Young
433,33,Male,2,Own,Little,Na,2058,Common,24,Repairs,Young
434,25,Male,2,Own,Little,Little,2136,Common,9,Furniture/Equipment,Young
435,25,Male,2,Own,Na,Moderate,1484,Common,12,Radio/Tv,Young
436,23,Male,1,Rent,Quite Rich,Na,660,Low-Risk,6,Repairs,Young
437,37,Female,2,Own,Rich,Na,1287,Common,24,Car,Young
438,65,Male,0,Own,Little,Little,3394,Standart,42,Repairs,Old
439,26,Female,0,Own,Little,Rich,609,Low-Risk,12,Business,Young
440,39,Male,3,Own,Little,Na,1884,Common,12,Car,Young
441,30,Female,2,Own,Little,Little,1620,Common,12,Furniture/Equipment,Young
442,29,Male,2,Own,Little,Moderate,2629,Common,20,Vacation/Others,Young
443,41,Male,1,Own,Little,Na,719,Low-Risk,12,Education,Young
444,30,Female,3,Own,Little,Moderate,5096,Standart,48,Furniture/Equipment,Young
445,41,Female,1,Rent,Na,Na,1244,Common,9,Education,Young
446,34,Female,2,Own,Little,Little,1842,Common,36,Car,Young
447,35,Male,2,Own,Little,Moderate,2576,Common,7,Radio/Tv,Young
448,55,Female,3,Own,Na,Rich,1424,Common,12,Furniture/Equipment,Old
449,61,Male,2,Own,Rich,Moderate,1512,Common,15,Repairs,Old
450,30,Male,3,Own,Na,Na,11054,Default-Risk,36,Car,Young
451,29,Female,2,Own,Little,Na,518,Low-Risk,6,Radio/Tv,Young
452,34,Male,2,Own,Little,Na,2759,Common,12,Furniture/Equipment,Young
453,35,Male,3,Own,Little,Na,2670,Common,24,Car,Young
454,31,Male,2,Own,Little,Little,4817,Standart,24,Car,Young
455,29,Female,3,Own,Little,Na,2679,Common,24,Car,Young
456,36,Male,2,Rent,Little,Little,3905,Standart,11,Car,Young
457,35,Male,2,Free,Little,Little,3386,Standart,12,Car,Young
458,27,Female,2,Own,Little,Little,343,Low-Risk,6,Domestic Appliances,Young
459,32,Male,2,Own,Little,Na,4594,Standart,18,Radio/Tv,Young
460,37,Male,2,Own,Little,Little,3620,Standart,36,Furniture/Equipment,Young
461,36,Male,2,Own,Little,Little,1721,Common,15,Car,Young
462,34,Female,3,Rent,Little,Moderate,3017,Standart,12,Furniture/Equipment,Young
463,38,Male,2,Own,Na,Moderate,754,Low-Risk,12,Education,Young
464,34,Male,2,Own,Little,Na,1950,Common,18,Business,Young
465,63,Male,2,Own,Little,Little,2924,Common,24,Car,Old
466,29,Female,1,Rent,Little,Little,1659,Common,24,Radio/Tv,Young
467,32,Male,2,Own,Na,Na,7238,Default-Risk,48,Radio/Tv,Young
468,26,Female,2,Own,Little,Na,2764,Common,33,Business,Young
469,35,Male,1,Own,Little,Na,4679,Standart,24,Car,Young
470,22,Male,2,Rent,Moderate,Moderate,3092,Standart,24,Radio/Tv,Young
471,23,Female,2,Own,Little,Little,448,Low-Risk,6,Education,Young
472,28,Male,1,Own,Little,Little,654,Low-Risk,9,Car,Young
473,36,Male,3,Own,Na,Na,1238,Common,6,Education,Young
474,33,Male,2,Own,Little,Moderate,1245,Common,18,Radio/Tv,Young
475,26,Female,2,Rent,Little,Little,3114,Standart,18,Furniture/Equipment,Young
476,24,Male,2,Own,Quite Rich,Na,2569,Common,39,Car,Young
477,25,Male,2,Own,Little,Rich,5152,Standart,24,Radio/Tv,Young
478,39,Male,1,Own,Moderate,Moderate,1037,Common,12,Business,Young
479,44,Male,2,Own,Little,Little,1478,Common,15,Furniture/Equipment,Young
480,23,Female,1,Own,Little,Moderate,3573,Standart,12,Radio/Tv,Young
481,26,Male,2,Own,Little,Moderate,1201,Common,24,Car,Young
482,57,Female,2,Rent,Rich,Little,3622,Standart,30,Furniture/Equipment,Old
483,30,Female,2,Own,Rich,Na,960,Low-Risk,15,Furniture/Equipment,Young
484,44,Male,2,Own,Quite Rich,Na,1163,Common,12,Car,Young
485,47,Male,3,Own,Little,Moderate,1209,Common,6,Car,Old
486,52,Male,2,Own,Little,Na,3077,Standart,12,Radio/Tv,Old
487,62,Female,2,Free,Little,Na,3757,Standart,24,Car,Old
488,35,Male,1,Rent,Moderate,Na,1418,Common,10,Car,Young
489,26,Male,2,Rent,Little,Na,3518,Standart,6,Car,Young
490,26,Male,2,Own,Little,Na,1934,Common,12,Radio/Tv,Young
491,42,Female,3,Free,Little,Moderate,8318,Default-Risk,27,Business,Young
492,27,Female,2,Own,Moderate,Na,1237,Common,6,Radio/Tv,Young
493,38,Male,2,Own,Na,Moderate,368,Low-Risk,6,Radio/Tv,Young
494,39,Male,1,Rent,Little,Little,2122,Common,12,Car,Young
495,20,Male,2,Own,Na,Little,2996,Common,24,Furniture/Equipment,Young
496,29,Male,3,Rent,Moderate,Moderate,9034,Default-Risk,36,Furniture/Equipment,Young
497,40,Male,2,Own,Little,Na,1585,Common,24,Furniture/Equipment,Young
498,32,Male,1,Own,Little,Moderate,1301,Common,18,Radio/Tv,Young
499,28,Male,2,Own,Moderate,Rich,1323,Common,6,Car,Young
500,27,Female,2,Own,Little,Little,3123,Standart,24,Car,Young
501,42,Male,2,Free,Little,Little,5493,Standart,36,Car,Young
502,49,Male,2,Own,Moderate,Rich,1126,Common,9,Radio/Tv,Old
503,38,Male,2,Own,Moderate,Moderate,1216,Common,24,Radio/Tv,Young
504,24,Female,2,Rent,Little,Little,1207,Common,24,Car,Young
505,27,Male,1,Own,Na,Na,1309,Common,10,Car,Young
506,36,Male,2,Own,Quite Rich,Rich,2360,Common,15,Car,Young
507,34,Male,3,Own,Moderate,Moderate,6850,Standart,15,Car,Young
508,28,Male,2,Own,Little,Na,1413,Common,24,Radio/Tv,Young
509,45,Male,3,Own,Moderate,Na,8588,Default-Risk,39,Car,Old
510,26,Male,2,Own,Little,Little,759,Low-Risk,12,Car,Young
511,32,Male,3,Free,Little,Na,4686,Standart,36,Car,Young
512,26,Male,2,Rent,Little,Rich,2687,Common,15,Business,Young
513,20,Male,2,Rent,Little,Moderate,585,Low-Risk,12,Radio/Tv,Young
514,54,Male,2,Own,Na,Na,2255,Common,24,Car,Old
515,37,Female,2,Own,Little,Little,609,Low-Risk,6,Car,Young
516,40,Male,1,Own,Little,Little,1361,Common,6,Car,Young
517,23,Female,2,Rent,Little,Na,7127,Default-Risk,36,Furniture/Equipment,Young
518,43,Male,2,Own,Moderate,Little,1203,Common,6,Car,Young
519,36,Male,2,Free,Na,Na,700,Low-Risk,6,Radio/Tv,Young
520,44,Male,2,Free,Little,Na,5507,Standart,24,Repairs,Young
521,24,Female,2,Own,Little,Little,3190,Standart,18,Radio/Tv,Young
522,53,Male,2,Free,Little,Little,7119,Default-Risk,48,Furniture/Equipment,Old
523,23,Female,2,Own,Moderate,Na,3488,Standart,24,Car,Young
524,26,Female,1,Own,Little,Moderate,1113,Common,18,Radio/Tv,Young
525,30,Male,2,Own,Little,Moderate,7966,Default-Risk,26,Car,Young
526,31,Female,2,Own,Moderate,Na,1532,Common,15,Education,Young
527,42,Male,1,Own,Little,Na,1503,Common,4,Radio/Tv,Young
528,31,Male,2,Rent,Little,Little,2302,Common,36,Radio/Tv,Young
529,41,Male,1,Own,Little,Little,662,Low-Risk,6,Car,Young
530,32,Male,2,Own,Little,Moderate,2273,Common,36,Education,Young
531,28,Female,2,Rent,Moderate,Moderate,2631,Common,15,Car,Young
532,41,Male,2,Rent,Little,Na,1503,Common,12,Car,Young
533,26,Male,2,Own,Moderate,Na,1311,Common,24,Radio/Tv,Young
534,25,Male,2,Own,Na,Na,3105,Standart,24,Radio/Tv,Young
535,33,Male,2,Rent,Little,Rich,2319,Common,21,Education,Young
536,75,Female,3,Own,Na,Little,1374,Common,6,Car,Old
537,37,Female,2,Own,Little,Moderate,3612,Standart,18,Furniture/Equipment,Young
538,42,Male,3,Free,Little,Little,7763,Default-Risk,48,Car,Young
539,45,Female,1,Own,Little,Rich,3049,Standart,18,Furniture/Equipment,Old
540,23,Male,2,Rent,Little,Moderate,1534,Common,12,Radio/Tv,Young
541,60,Male,2,Free,Little,Na,2032,Common,24,Car,Old
542,31,Male,2,Own,Na,Little,6350,Standart,30,Furniture/Equipment,Young
543,34,Male,1,Own,Little,Rich,2864,Common,18,Furniture/Equipment,Young
544,61,Male,1,Own,Little,Na,1255,Common,12,Car,Old
545,43,Male,2,Free,Little,Little,1333,Common,24,Car,Young
546,37,Female,2,Own,Little,Na,2022,Common,24,Car,Young
547,32,Male,2,Own,Little,Na,1552,Common,24,Radio/Tv,Young
548,24,Female,1,Own,Little,Little,626,Low-Risk,12,Radio/Tv,Young
549,35,Male,2,Free,Na,Na,8858,Default-Risk,48,Car,Young
550,23,Female,2,Own,Na,Na,996,Low-Risk,12,Repairs,Young
551,45,Male,1,Own,Quite Rich,Na,1750,Common,6,Radio/Tv,Old
552,34,Male,2,Own,Little,Little,6999,Standart,48,Radio/Tv,Young
553,27,Male,2,Own,Moderate,Moderate,1995,Common,12,Car,Young
554,67,Female,3,Own,Little,Moderate,1199,Common,9,Education,Old
555,22,Male,2,Own,Little,Moderate,1331,Common,12,Radio/Tv,Young
556,28,Female,2,Own,Moderate,Moderate,2278,Common,18,Car,Young
557,29,Female,2,Own,Na,Na,5003,Standart,21,Car,Young
558,27,Male,2,Own,Little,Little,3552,Standart,24,Furniture/Equipment,Young
559,31,Male,1,Own,Little,Moderate,1928,Common,18,Furniture/Equipment,Young
560,49,Male,2,Free,Na,Little,2964,Common,24,Car,Old
561,24,Male,1,Rent,Little,Little,1546,Common,24,Radio/Tv,Young
562,29,Female,2,Own,Little,Rich,683,Low-Risk,6,Radio/Tv,Young
563,37,Male,2,Free,Na,Moderate,12389,Tail-Risk,36,Car,Young
564,37,Male,3,Own,Na,Moderate,4712,Standart,24,Business,Young
565,23,Female,2,Rent,Moderate,Moderate,1553,Common,24,Radio/Tv,Young
566,36,Male,2,Own,Little,Little,1372,Common,12,Car,Young
567,34,Male,2,Own,Rich,Na,2578,Common,24,Radio/Tv,Young
568,41,Male,2,Own,Na,Moderate,3979,Standart,48,Radio/Tv,Young
569,31,Female,2,Own,Little,Little,6758,Standart,48,Radio/Tv,Young
570,23,Female,1,Rent,Little,Little,3234,Standart,24,Furniture/Equipment,Young
571,38,Male,2,Own,Little,Na,5954,Standart,30,Radio/Tv,Young
572,26,Female,3,Rent,Na,Na,5433,Standart,24,Car,Young
573,22,Female,1,Own,Little,Little,806,Low-Risk,15,Business,Young
574,27,Male,1,Own,Little,Moderate,1082,Common,9,Radio/Tv,Young
575,24,Female,2,Own,Little,Na,2788,Common,15,Furniture/Equipment,Young
576,27,Female,2,Own,Little,Moderate,2930,Common,12,Radio/Tv,Young
577,33,Female,2,Own,Na,Na,1927,Common,24,Education,Young
578,27,Male,2,Own,Little,Moderate,2820,Common,36,Car,Young
579,27,Male,1,Own,Little,Na,937,Low-Risk,24,Education,Young
580,30,Male,2,Own,Little,Moderate,1056,Common,18,Car,Young
581,49,Male,1,Own,Little,Moderate,3124,Standart,12,Car,Old
582,26,Female,2,Rent,Little,Na,1388,Common,9,Furniture/Equipment,Young
583,33,Male,1,Rent,Little,Moderate,2384,Common,36,Repairs,Young
584,52,Female,3,Free,Na,Na,2133,Common,12,Car,Old
585,20,Female,2,Rent,Little,Little,2039,Common,18,Furniture/Equipment,Young
586,36,Male,2,Rent,Little,Little,2799,Common,9,Car,Young
587,21,Male,1,Own,Little,Little,1289,Common,12,Furniture/Equipment,Young
588,47,Male,1,Own,Little,Little,1217,Common,18,Domestic Appliances,Old
589,60,Male,2,Own,Little,Little,2246,Common,12,Furniture/Equipment,Old
590,58,Female,1,Own,Little,Little,385,Low-Risk,12,Radio/Tv,Old
591,42,Female,2,Rent,Na,Moderate,1965,Common,24,Car,Young
592,36,Female,1,Own,Rich,Na,1572,Common,21,Business,Young
593,20,Female,1,Rent,Little,Moderate,2718,Common,24,Car,Young
594,40,Male,3,Own,Na,Little,1358,Common,24,Vacation/Others,Young
595,32,Female,1,Own,Moderate,Moderate,931,Low-Risk,6,Car,Young
596,23,Female,2,Rent,Little,Little,1442,Common,24,Car,Young
597,36,Male,1,Own,Little,Moderate,4241,Standart,24,Business,Young
598,31,Male,2,Own,Little,Na,2775,Common,18,Car,Young
599,32,Male,2,Free,Little,Na,3863,Standart,24,Business,Young
600,45,Female,2,Own,Little,Moderate,2329,Common,7,Radio/Tv,Old
601,30,Female,2,Own,Little,Moderate,918,Low-Risk,9,Furniture/Equipment,Young
602,34,Female,1,Free,Little,Moderate,1837,Common,24,Education,Young
603,28,Female,3,Own,Little,Na,3349,Standart,36,Furniture/Equipment,Young
604,23,Female,2,Own,Little,Rich,1275,Common,10,Furniture/Equipment,Young
605,22,Male,2,Own,Quite Rich,Little,2828,Common,24,Furniture/Equipment,Young
606,74,Male,3,Own,Little,Na,4526,Standart,24,Business,Old
607,50,Female,2,Free,Moderate,Moderate,2671,Common,36,Radio/Tv,Old
608,33,Male,2,Own,Little,Na,2051,Common,18,Radio/Tv,Young
609,45,Male,2,Free,Na,Na,1300,Common,15,Car,Old
610,22,Female,2,Own,Moderate,Little,741,Low-Risk,12,Domestic Appliances,Young
611,48,Female,1,Free,Moderate,Rich,1240,Common,10,Car,Old
612,29,Female,2,Own,Rich,Little,3357,Standart,21,Radio/Tv,Young
613,22,Female,2,Rent,Little,Little,3632,Standart,24,Car,Young
614,22,Female,2,Own,Little,Na,1808,Common,18,Furniture/Equipment,Young
615,48,Male,3,Own,Na,Moderate,12204,Tail-Risk,48,Business,Old
616,27,Male,3,Free,Na,Moderate,9157,Default-Risk,60,Radio/Tv,Young
617,37,Male,2,Rent,Little,Little,3676,Standart,6,Car,Young
618,21,Female,2,Rent,Moderate,Moderate,3441,Standart,30,Furniture/Equipment,Young
619,49,Male,1,Own,Little,Na,640,Low-Risk,12,Car,Old
620,27,Male,2,Own,Little,Moderate,3652,Standart,21,Business,Young
621,32,Male,2,Own,Little,Na,1530,Common,18,Car,Young
622,38,Male,2,Own,Na,Na,3914,Standart,48,Business,Young
623,22,Female,2,Rent,Little,Little,1858,Common,12,Furniture/Equipment,Young
624,65,Male,2,Free,Little,Little,2600,Common,18,Radio/Tv,Old
625,35,Male,2,Own,Na,Na,1979,Common,15,Radio/Tv,Young
626,41,Male,2,Own,Little,Rich,2116,Common,6,Furniture/Equipment,Young
627,29,Male,2,Own,Moderate,Moderate,1437,Common,9,Car,Young
628,36,Male,2,Own,Quite Rich,Na,4042,Standart,42,Furniture/Equipment,Young
629,64,Male,1,Own,Na,Na,3832,Standart,9,Education,Old
630,28,Female,2,Own,Little,Little,3660,Standart,24,Radio/Tv,Young
631,44,Male,2,Own,Little,Little,1553,Common,18,Furniture/Equipment,Young
632,23,Male,2,Own,Na,Moderate,1444,Common,15,Radio/Tv,Young
633,19,Female,2,Rent,Little,Na,1980,Common,9,Furniture/Equipment,Young
634,25,Female,1,Own,Little,Moderate,1355,Common,24,Car,Young
635,47,Male,2,Own,Little,Na,1393,Common,12,Education,Old
636,28,Female,2,Own,Quite Rich,Na,1376,Common,24,Radio/Tv,Young
637,21,Male,2,Own,Little,Na,15653,Tail-Risk,60,Radio/Tv,Young
638,34,Female,2,Own,Little,Na,1493,Common,12,Radio/Tv,Young
639,26,Male,2,Own,Little,Little,4370,Standart,42,Radio/Tv,Young
640,27,Female,0,Own,Little,Little,750,Low-Risk,18,Education,Young
641,38,Male,1,Own,Little,Moderate,1308,Common,15,Repairs,Young
642,40,Male,3,Own,Moderate,Na,4623,Standart,15,Education,Young
643,33,Male,2,Own,Little,Na,1851,Common,24,Radio/Tv,Young
644,32,Male,3,Own,Little,Little,1880,Common,18,Radio/Tv,Young
645,27,Male,2,Rent,Na,Na,7980,Default-Risk,36,Business,Young
646,32,Male,2,Own,Little,Little,4583,Standart,30,Furniture/Equipment,Young
647,26,Female,2,Own,Quite Rich,Na,1386,Common,12,Car,Young
648,38,Male,2,Free,Little,Rich,947,Low-Risk,24,Car,Young
649,40,Male,1,Rent,Little,Little,684,Low-Risk,12,Education,Young
650,50,Male,3,Free,Little,Little,7476,Default-Risk,48,Education,Old
651,37,Male,1,Own,Little,Moderate,1922,Common,12,Furniture/Equipment,Young
652,45,Male,2,Own,Little,Little,2303,Common,24,Car,Old
653,42,Male,3,Own,Moderate,Moderate,8086,Default-Risk,36,Car,Young
654,35,Male,2,Own,Little,Na,2346,Common,24,Car,Young
655,22,Male,2,Free,Little,Little,3973,Standart,14,Car,Young
656,41,Male,1,Own,Little,Moderate,888,Low-Risk,12,Car,Young
657,37,Male,2,Own,Na,Na,10222,Default-Risk,48,Radio/Tv,Young
658,28,Female,2,Own,Little,Moderate,4221,Standart,30,Business,Young
659,41,Male,2,Own,Little,Moderate,6361,Standart,18,Furniture/Equipment,Young
660,23,Male,2,Rent,Little,Rich,1297,Common,12,Radio/Tv,Young
661,23,Male,2,Own,Na,Little,900,Low-Risk,12,Car,Young
662,50,Male,2,Own,Little,Na,2241,Common,21,Furniture/Equipment,Old
663,35,Male,3,Own,Little,Moderate,1050,Common,6,Furniture/Equipment,Young
664,50,Female,1,Own,Little,Rich,1047,Common,6,Education,Old
665,27,Male,3,Own,Little,Na,6314,Standart,24,Vacation/Others,Young
666,34,Male,2,Own,Rich,Moderate,3496,Standart,30,Furniture/Equipment,Young
667,27,Female,2,Own,Little,Na,3609,Standart,48,Business,Young
668,43,Male,2,Rent,Little,Little,4843,Standart,12,Car,Young
669,47,Male,2,Own,Little,Rich,3017,Standart,30,Radio/Tv,Old
670,27,Male,1,Own,Moderate,Na,4139,Standart,24,Business,Young
671,31,Male,2,Own,Moderate,Na,5742,Standart,36,Business,Young
672,42,Male,3,Own,Little,Na,10366,Default-Risk,60,Car,Young
673,24,Male,2,Own,Quite Rich,Na,2080,Common,6,Car,Young
674,41,Male,1,Own,Quite Rich,Na,2580,Common,21,Business,Young
675,26,Female,3,Rent,Little,Na,4530,Standart,30,Radio/Tv,Young
676,33,Male,2,Own,Little,Na,5150,Standart,24,Furniture/Equipment,Young
677,24,Male,2,Own,Moderate,Moderate,5595,Standart,72,Radio/Tv,Young
678,64,Male,1,Rent,Little,Little,2384,Common,24,Radio/Tv,Old
679,26,Female,2,Own,Little,Na,1453,Common,18,Radio/Tv,Young
680,56,Female,2,Own,Little,Na,1538,Common,6,Education,Old
681,37,Male,2,Free,Na,Na,2279,Common,12,Radio/Tv,Young
682,33,Male,2,Own,Little,Na,1478,Common,15,Radio/Tv,Young
683,47,Male,2,Free,Little,Na,5103,Standart,24,Radio/Tv,Old
684,31,Male,1,Own,Moderate,Moderate,9857,Default-Risk,36,Business,Young
685,34,Male,2,Free,Na,Na,6527,Standart,60,Car,Young
686,27,Male,2,Own,Na,Rich,1347,Common,10,Radio/Tv,Young
687,30,Male,2,Free,Moderate,Moderate,2862,Common,36,Car,Young
688,35,Male,2,Own,Moderate,Na,2753,Common,9,Radio/Tv,Young
689,31,Male,2,Own,Rich,Little,3651,Standart,12,Car,Young
690,25,Male,2,Own,Little,Little,975,Low-Risk,15,Furniture/Equipment,Young
691,25,Female,1,Own,Moderate,Moderate,2631,Common,15,Repairs,Young
692,29,Male,2,Own,Moderate,Moderate,2896,Common,24,Radio/Tv,Young
693,44,Male,1,Own,Na,Little,4716,Standart,6,Car,Young
694,28,Male,2,Own,Little,Na,2284,Common,24,Radio/Tv,Young
695,50,Male,2,Rent,Quite Rich,Na,1236,Common,6,Car,Old
696,29,Male,2,Own,Little,Moderate,1103,Common,12,Radio/Tv,Young
697,38,Female,0,Own,Little,Na,926,Low-Risk,12,Car,Young
698,24,Male,2,Own,Little,Na,1800,Common,18,Radio/Tv,Young
699,40,Male,3,Rent,Little,Rich,1905,Common,15,Education,Young
700,29,Female,1,Rent,Quite Rich,Na,1123,Common,12,Furniture/Equipment,Young
701,46,Male,2,Free,Little,Little,6331,Standart,48,Car,Old
702,47,Female,2,Free,Moderate,Rich,1377,Common,24,Radio/Tv,Old
703,41,Male,2,Own,Moderate,Moderate,2503,Common,30,Business,Young
704,32,Female,2,Own,Little,Moderate,2528,Common,27,Business,Young
705,35,Female,2,Free,Quite Rich,Na,5324,Standart,15,Car,Young
706,24,Male,2,Own,Moderate,Moderate,6560,Standart,48,Car,Young
707,25,Female,2,Rent,Little,Moderate,2969,Common,12,Furniture/Equipment,Young
708,25,Female,2,Own,Little,Moderate,1206,Common,9,Radio/Tv,Young
709,37,Male,1,Own,Little,Moderate,2118,Common,9,Radio/Tv,Young
710,32,Male,3,Own,Quite Rich,Na,629,Low-Risk,18,Radio/Tv,Young
711,35,Female,2,Free,Little,Little,1198,Common,6,Education,Young
712,46,Male,3,Own,Na,Na,2476,Common,21,Car,Old
713,25,Male,1,Own,Little,Little,1138,Common,9,Radio/Tv,Young
714,27,Male,3,Own,Little,Moderate,14027,Tail-Risk,60,Car,Young
715,63,Male,2,Own,Na,Na,7596,Default-Risk,30,Car,Old
716,40,Male,2,Own,Na,Na,3077,Standart,30,Radio/Tv,Young
717,32,Male,3,Free,Little,Na,1505,Common,18,Radio/Tv,Young
718,31,Male,2,Own,Na,Rich,3148,Standart,24,Radio/Tv,Young
719,31,Male,2,Own,Moderate,Moderate,6148,Standart,20,Car,Young
720,34,Male,3,Own,Little,Rich,1337,Common,9,Radio/Tv,Young
721,24,Female,2,Rent,Rich,Moderate,433,Low-Risk,6,Education,Young
722,24,Female,1,Own,Little,Little,1228,Common,12,Car,Young
723,66,Female,1,Own,Quite Rich,Moderate,790,Low-Risk,9,Radio/Tv,Old
724,21,Female,2,Rent,Little,Na,2570,Common,27,Car,Young
725,41,Female,1,Own,Rich,Na,250,Low-Risk,6,Car,Young
726,47,Male,1,Own,Quite Rich,Na,1316,Common,15,Radio/Tv,Old
727,25,Female,2,Rent,Little,Little,1882,Common,18,Radio/Tv,Young
728,59,Female,2,Rent,Little,Moderate,6416,Standart,48,Business,Old
729,36,Male,2,Own,Rich,Rich,1275,Common,24,Business,Young
730,33,Male,2,Own,Little,Moderate,6403,Standart,24,Radio/Tv,Young
731,21,Male,1,Rent,Little,Little,1987,Common,24,Radio/Tv,Young
732,44,Female,1,Own,Little,Moderate,760,Low-Risk,8,Radio/Tv,Young
733,28,Female,2,Rent,Rich,Na,2603,Common,24,Car,Young
734,37,Female,2,Own,Little,Na,3380,Standart,4,Car,Young
735,29,Female,0,Own,Na,Moderate,3990,Standart,36,Domestic Appliances,Young
736,23,Female,3,Rent,Little,Moderate,11560,Default-Risk,24,Car,Young
737,35,Male,1,Own,Moderate,Little,4380,Standart,18,Car,Young
738,45,Male,3,Own,Little,Na,6761,Standart,6,Car,Old
739,26,Female,1,Rent,Moderate,Moderate,4280,Standart,30,Business,Young
740,32,Male,2,Own,Moderate,Little,2325,Common,24,Car,Young
741,23,Male,1,Own,Little,Moderate,1048,Common,10,Radio/Tv,Young
742,41,Male,2,Own,Na,Na,3160,Standart,21,Radio/Tv,Young
743,22,Male,2,Own,Quite Rich,Little,2483,Common,24,Furniture/Equipment,Young
744,30,Male,3,Own,Na,Little,14179,Tail-Risk,39,Furniture/Equipment,Young
745,28,Male,1,Own,Little,Little,1797,Common,13,Business,Young
746,23,Female,2,Rent,Little,Little,2511,Common,15,Car,Young
747,37,Female,1,Own,Little,Little,1274,Common,12,Car,Young
748,26,Male,2,Own,Na,Na,5248,Standart,21,Car,Young
749,33,Male,2,Own,Little,Na,3029,Standart,15,Car,Young
750,49,Female,2,Own,Little,Little,428,Low-Risk,6,Furniture/Equipment,Old
751,23,Female,1,Own,Little,Little,976,Low-Risk,18,Car,Young
752,23,Female,1,Rent,Moderate,Moderate,841,Low-Risk,12,Business,Young
753,25,Female,2,Own,Little,Na,5771,Standart,30,Radio/Tv,Young
754,55,Male,2,Free,Rich,Na,1555,Common,12,Repairs,Old
755,32,Female,2,Rent,Na,Little,1285,Common,24,Car,Young
756,74,Male,0,Own,Little,Rich,1299,Common,6,Car,Old
757,39,Male,2,Free,Na,Rich,1271,Common,15,Radio/Tv,Young
758,31,Male,2,Own,Little,Na,1393,Common,24,Car,Young
759,35,Male,2,Own,Little,Little,691,Low-Risk,12,Car,Young
760,59,Female,2,Own,Na,Na,5045,Standart,15,Car,Old
761,24,Female,2,Rent,Little,Little,2124,Common,18,Furniture/Equipment,Young
762,24,Male,1,Own,Little,Little,2214,Common,12,Radio/Tv,Young
763,30,Male,3,Free,Na,Na,12680,Tail-Risk,21,Car,Young
764,27,Male,2,Own,Moderate,Na,2463,Common,24,Car,Young
765,40,Male,1,Own,Little,Moderate,1155,Common,12,Radio/Tv,Young
766,31,Male,1,Own,Little,Little,3108,Standart,30,Furniture/Equipment,Young
767,31,Female,2,Rent,Na,Na,2901,Common,10,Car,Young
768,28,Male,2,Rent,Little,Moderate,3617,Standart,12,Furniture/Equipment,Young
769,63,Male,1,Own,Little,Na,1655,Common,12,Radio/Tv,Old
770,26,Female,2,Rent,Na,Little,2812,Common,24,Car,Young
771,25,Female,3,Own,Little,Little,8065,Default-Risk,36,Education,Young
772,36,Male,3,Own,Little,Na,3275,Standart,21,Car,Young
773,52,Male,2,Own,Moderate,Na,2223,Common,24,Radio/Tv,Old
774,66,Male,0,Free,Quite Rich,Rich,1480,Common,12,Car,Old
775,25,Female,2,Rent,Na,Little,1371,Common,24,Car,Young
776,37,Male,2,Own,Little,Na,3535,Standart,36,Car,Young
777,25,Female,2,Own,Little,Little,3509,Standart,18,Radio/Tv,Young
778,38,Male,3,Own,Rich,Na,5711,Standart,36,Car,Young
779,67,Female,2,Own,Little,Moderate,3872,Standart,18,Repairs,Old
780,25,Male,2,Own,Little,Moderate,4933,Standart,39,Radio/Tv,Young
781,60,Male,2,Own,Rich,Na,1940,Common,24,Car,Old
782,31,Male,1,Own,Little,Moderate,1410,Common,12,Education,Young
783,23,Female,1,Own,Moderate,Moderate,836,Low-Risk,12,Car,Young
784,60,Male,3,Own,Na,Moderate,6468,Standart,20,Car,Old
785,35,Male,1,Own,Rich,Moderate,1941,Common,18,Business,Young
786,40,Male,2,Own,Quite Rich,Na,2675,Common,22,Radio/Tv,Young
787,38,Male,2,Own,Na,Na,2751,Common,48,Car,Young
788,50,Male,2,Free,Little,Moderate,6224,Standart,48,Education,Old
789,27,Male,2,Own,Little,Little,5998,Standart,40,Education,Young
790,39,Female,2,Own,Little,Moderate,1188,Common,21,Business,Young
791,41,Male,3,Own,Na,Na,6313,Standart,24,Car,Young
792,27,Male,2,Own,Na,Na,1221,Common,6,Furniture/Equipment,Young
793,51,Male,2,Free,Little,Rich,2892,Common,24,Furniture/Equipment,Old
794,32,Male,2,Rent,Quite Rich,Na,3062,Standart,24,Furniture/Equipment,Young
795,22,Female,2,Rent,Moderate,Na,2301,Common,9,Furniture/Equipment,Young
796,51,Male,2,Free,Na,Little,7511,Default-Risk,18,Car,Old
797,22,Female,1,Rent,Little,Na,1258,Common,12,Furniture/Equipment,Young
798,54,Male,2,Own,Na,Na,717,Low-Risk,24,Car,Old
799,35,Male,0,Own,Na,Moderate,1549,Common,9,Car,Young
800,54,Male,2,Free,Little,Na,1597,Common,24,Education,Old
801,48,Female,1,Rent,Little,Moderate,1795,Common,18,Radio/Tv,Old
802,24,Female,2,Own,Little,Little,4272,Standart,20,Furniture/Equipment,Young
803,35,Male,2,Own,Na,Na,976,Low-Risk,12,Radio/Tv,Young
804,24,Female,0,Rent,Na,Moderate,7472,Default-Risk,12,Car,Young
805,24,Male,2,Own,Little,Little,9271,Default-Risk,36,Car,Young
806,26,Male,1,Own,Little,Moderate,590,Low-Risk,6,Radio/Tv,Young
807,65,Male,2,Own,Na,Na,930,Low-Risk,12,Radio/Tv,Old
808,55,Male,3,Free,Little,Moderate,9283,Default-Risk,42,Car,Old
809,26,Female,0,Rent,Little,Moderate,1778,Common,15,Car,Young
810,26,Male,2,Own,Little,Moderate,907,Low-Risk,8,Business,Young
811,28,Male,1,Own,Little,Moderate,484,Low-Risk,6,Radio/Tv,Young
812,24,Male,2,Own,Little,Little,9629,Default-Risk,36,Car,Young
813,54,Male,2,Own,Little,Little,3051,Standart,48,Domestic Appliances,Old
814,46,Male,2,Free,Little,Little,3931,Standart,48,Car,Old
815,54,Female,2,Rent,Little,Moderate,7432,Default-Risk,36,Car,Old
816,62,Male,2,Own,Quite Rich,Na,1338,Common,6,Domestic Appliances,Old
817,24,Female,2,Rent,Little,Na,1554,Common,6,Radio/Tv,Young
818,43,Male,3,Own,Little,Little,15857,Tail-Risk,36,Vacation/Others,Young
819,26,Male,2,Own,Little,Little,1345,Common,18,Radio/Tv,Young
820,27,Male,2,Own,Little,Na,1101,Common,12,Car,Young
821,24,Male,2,Own,Little,Rich,3016,Standart,12,Radio/Tv,Young
822,41,Male,2,Own,Little,Little,2712,Common,36,Furniture/Equipment,Young
823,47,Male,1,Own,Little,Little,731,Low-Risk,8,Car,Old
824,35,Male,3,Own,Little,Na,3780,Standart,18,Furniture/Equipment,Young
825,30,Male,2,Own,Little,Little,1602,Common,21,Car,Young
826,33,Female,2,Rent,Little,Little,3966,Standart,18,Car,Young
827,36,Male,2,Own,Little,Na,4165,Standart,18,Business,Young
828,47,Male,2,Free,Na,Little,8335,Default-Risk,36,Car,Old
829,38,Male,2,Free,Na,Moderate,6681,Standart,48,Business,Young
830,44,Male,2,Own,Quite Rich,Na,2375,Common,24,Business,Young
831,23,Female,2,Rent,Little,Little,1216,Common,18,Car,Young
832,29,Male,2,Rent,Little,Little,11816,Default-Risk,45,Business,Young
833,42,Female,2,Own,Na,Moderate,5084,Standart,24,Radio/Tv,Young
834,25,Female,1,Own,Little,Rich,2327,Common,15,Radio/Tv,Young
835,48,Male,2,Own,Little,Little,1082,Common,12,Car,Old
836,21,Female,2,Own,Na,Na,886,Low-Risk,12,Radio/Tv,Young
837,23,Female,1,Rent,Little,Na,601,Low-Risk,4,Furniture/Equipment,Young
838,63,Male,2,Own,Little,Little,2957,Common,24,Car,Old
839,46,Male,2,Own,Little,Na,2611,Common,24,Radio/Tv,Old
840,29,Male,2,Own,Little,Little,5179,Standart,36,Furniture/Equipment,Young
841,28,Male,1,Own,Little,Na,2993,Common,21,Car,Young
842,23,Female,2,Own,Little,Na,1943,Common,18,Repairs,Young
843,50,Male,2,Own,Little,Na,1559,Common,24,Business,Old
844,47,Male,2,Own,Little,Na,3422,Standart,18,Furniture/Equipment,Old
845,35,Male,2,Own,Na,Moderate,3976,Standart,21,Furniture/Equipment,Young
846,68,Male,2,Rent,Na,Na,6761,Standart,18,Car,Old
847,28,Male,2,Own,Little,Na,1249,Common,24,Car,Young
848,59,Male,2,Own,Little,Little,1364,Common,9,Radio/Tv,Old
849,57,Male,1,Own,Little,Little,709,Low-Risk,12,Radio/Tv,Old
850,33,Male,2,Rent,Little,Little,2235,Common,20,Car,Young
851,43,Male,2,Own,Na,Na,4042,Standart,24,Car,Young
852,35,Male,2,Free,Little,Na,1471,Common,15,Radio/Tv,Young
853,32,Male,1,Free,Little,Little,1442,Common,18,Car,Young
854,45,Male,2,Own,Little,Na,10875,Default-Risk,36,Car,Old
855,33,Male,2,Own,Moderate,Na,1474,Common,24,Car,Young
856,40,Female,2,Own,Na,Na,894,Low-Risk,10,Education,Young
857,28,Male,2,Free,Little,Na,3343,Standart,15,Furniture/Equipment,Young
858,29,Female,2,Own,Little,Little,3959,Standart,15,Car,Young
859,26,Male,2,Rent,Moderate,Na,3577,Standart,9,Car,Young
860,27,Male,2,Own,Rich,Na,5804,Standart,24,Car,Young
861,28,Male,2,Own,Little,Na,2169,Common,18,Business,Young
862,35,Female,2,Own,Little,Little,2439,Common,24,Radio/Tv,Young
863,32,Male,1,Own,Rich,Na,4526,Standart,27,Furniture/Equipment,Young
864,25,Male,1,Rent,Little,Na,2210,Common,10,Furniture/Equipment,Young
865,20,Female,2,Rent,Quite Rich,Na,2221,Common,15,Furniture/Equipment,Young
866,27,Female,2,Own,Little,Little,2389,Common,18,Radio/Tv,Young
867,42,Male,2,Own,Little,Na,3331,Standart,12,Furniture/Equipment,Young
868,37,Male,2,Own,Na,Na,7409,Default-Risk,36,Business,Young
869,24,Female,2,Rent,Little,Little,652,Low-Risk,12,Furniture/Equipment,Young
870,40,Female,2,Own,Quite Rich,Na,7678,Default-Risk,36,Furniture/Equipment,Young
871,46,Male,2,Own,Little,Rich,1343,Common,6,Car,Old
872,26,Male,2,Own,Moderate,Little,1382,Common,24,Business,Young
873,24,Female,2,Own,Na,Na,874,Low-Risk,15,Domestic Appliances,Young
874,29,Male,1,Own,Little,Little,3590,Standart,12,Furniture/Equipment,Young
875,40,Female,2,Own,Rich,Moderate,1322,Common,11,Car,Young
876,36,Male,3,Free,Little,Little,1940,Common,18,Radio/Tv,Young
877,28,Male,2,Own,Little,Na,3595,Standart,36,Radio/Tv,Young
878,27,Male,3,Free,Little,Little,1422,Common,9,Car,Young
879,36,Male,2,Own,Na,Na,6742,Standart,30,Radio/Tv,Young
880,38,Male,3,Own,Little,Na,7814,Default-Risk,24,Car,Young
881,48,Male,2,Free,Na,Na,9277,Default-Risk,24,Car,Old
882,36,Male,2,Own,Na,Moderate,2181,Common,30,Car,Young
883,65,Female,0,Own,Little,Na,1098,Common,18,Radio/Tv,Old
884,43,Male,2,Own,Little,Moderate,4057,Standart,24,Furniture/Equipment,Young
885,53,Female,2,Own,Little,Little,795,Low-Risk,12,Education,Old
886,34,Male,2,Own,Na,Moderate,2825,Common,24,Business,Young
887,23,Male,2,Own,Little,Moderate,15672,Tail-Risk,48,Business,Young
888,34,Male,3,Own,Little,Na,6614,Standart,36,Car,Young
889,40,Male,2,Rent,Na,Na,7824,Default-Risk,28,Car,Young
890,43,Male,3,Own,Little,Little,2442,Common,27,Business,Young
891,46,Male,2,Own,Little,Na,1829,Common,15,Radio/Tv,Old
892,38,Male,1,Own,Little,Little,2171,Common,12,Car,Young
893,34,Male,2,Own,Little,Moderate,5800,Standart,36,Car,Young
894,29,Male,2,Own,Na,Na,1169,Common,18,Radio/Tv,Young
895,31,Male,3,Own,Na,Na,8947,Default-Risk,36,Car,Young
896,28,Female,3,Rent,Little,Little,2606,Common,21,Radio/Tv,Young
897,35,Female,2,Own,Rich,Na,1592,Common,12,Furniture/Equipment,Young
898,33,Female,1,Rent,Na,Na,2186,Common,15,Furniture/Equipment,Young
899,42,Male,2,Own,Little,Little,4153,Standart,18,Furniture/Equipment,Young
900,43,Male,2,Rent,Little,Little,2625,Common,16,Car,Young
901,44,Male,2,Own,Na,Na,3485,Standart,20,Car,Young
902,42,Male,2,Free,Na,Na,10477,Default-Risk,36,Car,Young
903,40,Male,2,Rent,Na,Na,1386,Common,15,Radio/Tv,Young
904,36,Male,3,Own,Little,Na,1278,Common,24,Radio/Tv,Young
905,20,Male,3,Rent,Little,Little,1107,Common,12,Radio/Tv,Young
906,24,Male,1,Own,Na,Little,3763,Standart,21,Car,Young
907,27,Male,2,Own,Na,Moderate,3711,Standart,36,Education,Young
908,46,Female,1,Own,Little,Na,3594,Standart,15,Car,Old
909,33,Female,1,Own,Na,Moderate,3195,Standart,9,Car,Young
910,34,Female,2,Own,Little,Na,4454,Standart,36,Radio/Tv,Young
911,25,Female,1,Own,Little,Moderate,4736,Standart,24,Furniture/Equipment,Young
912,25,Female,2,Own,Na,Moderate,2991,Common,30,Radio/Tv,Young
913,28,Male,2,Own,Rich,Na,2142,Common,11,Business,Young
914,31,Male,2,Rent,Little,Little,3161,Standart,24,Business,Young
915,32,Female,3,Own,Little,Moderate,18424,Tail-Risk,48,Vacation/Others,Young
916,32,Male,2,Own,Moderate,Na,2848,Common,10,Car,Young
917,68,Male,3,Own,Little,Little,14896,Tail-Risk,6,Car,Old
918,33,Male,2,Own,Moderate,Little,2359,Common,24,Furniture/Equipment,Young
919,39,Male,3,Rent,Little,Little,3345,Standart,24,Furniture/Equipment,Young
920,28,Female,2,Own,Little,Na,1817,Common,18,Furniture/Equipment,Young
921,37,Male,3,Own,Quite Rich,Na,12749,Tail-Risk,48,Radio/Tv,Young
922,22,Female,2,Rent,Little,Little,1366,Common,9,Radio/Tv,Young
923,30,Male,2,Rent,Little,Moderate,2002,Common,12,Car,Young
924,55,Male,2,Own,Little,Little,6872,Standart,24,Furniture/Equipment,Old
925,46,Male,2,Own,Little,Little,697,Low-Risk,12,Car,Old
926,21,Female,2,Rent,Little,Little,1049,Common,18,Furniture/Equipment,Young
927,39,Male,2,Free,Little,Little,10297,Default-Risk,48,Car,Young
928,58,Male,2,Own,Na,Na,1867,Common,30,Radio/Tv,Old
929,43,Male,1,Own,Little,Little,1344,Common,12,Car,Young
930,24,Male,1,Own,Little,Little,1747,Common,24,Furniture/Equipment,Young
931,22,Female,2,Own,Little,Moderate,1670,Common,9,Radio/Tv,Young
932,30,Male,2,Own,Little,Na,1224,Common,9,Car,Young
933,42,Male,2,Own,Quite Rich,Na,522,Low-Risk,12,Radio/Tv,Young
934,23,Female,2,Own,Little,Little,1498,Common,12,Radio/Tv,Young
935,30,Male,3,Own,Moderate,Moderate,1919,Common,30,Radio/Tv,Young
936,28,Female,1,Own,Little,Rich,745,Low-Risk,9,Radio/Tv,Young
937,30,Male,3,Rent,Little,Moderate,2063,Common,6,Radio/Tv,Young
938,42,Male,2,Free,Little,Moderate,6288,Standart,60,Education,Young
939,46,Male,3,Own,Na,Na,6842,Standart,24,Car,Old
940,45,Male,3,Own,Na,Na,3527,Standart,12,Car,Old
941,31,Male,1,Own,Little,Na,1546,Common,10,Car,Young
942,31,Male,2,Own,Na,Na,929,Low-Risk,24,Furniture/Equipment,Young
943,42,Male,1,Own,Little,Na,1455,Common,4,Car,Young
944,46,Female,2,Rent,Little,Little,1845,Common,15,Furniture/Equipment,Old
945,30,Female,2,Own,Quite Rich,Moderate,8358,Default-Risk,48,Car,Young
946,30,Male,2,Free,Quite Rich,Little,3349,Standart,24,Furniture/Equipment,Young
947,38,Male,3,Own,Na,Na,2859,Common,12,Car,Young
948,43,Male,1,Own,Little,Na,1533,Common,18,Furniture/Equipment,Young
949,31,Male,2,Own,Moderate,Na,3621,Standart,24,Radio/Tv,Young
950,40,Male,0,Own,Little,Moderate,3590,Standart,18,Business,Young
951,24,Male,2,Own,Little,Little,2145,Common,36,Business,Young
952,28,Female,2,Rent,Quite Rich,Moderate,4113,Standart,24,Car,Young
953,26,Female,3,Own,Little,Na,10974,Default-Risk,36,Furniture/Equipment,Young
954,29,Female,2,Own,Little,Little,1893,Common,12,Car,Young
955,57,Female,3,Rent,Rich,Little,1231,Common,24,Radio/Tv,Old
956,49,Male,1,Own,Na,Rich,3656,Standart,30,Radio/Tv,Old
957,37,Male,1,Own,Little,Moderate,1154,Common,9,Radio/Tv,Young
958,45,Male,1,Own,Little,Little,4006,Standart,28,Car,Old
959,30,Male,2,Free,Moderate,Moderate,3069,Standart,24,Furniture/Equipment,Young
960,30,Male,2,Rent,Little,Na,1740,Common,6,Radio/Tv,Young
961,47,Male,2,Own,Little,Moderate,2353,Common,21,Car,Old
962,29,Male,2,Own,Na,Na,3556,Standart,15,Car,Young
963,35,Male,2,Own,Quite Rich,Na,2397,Common,24,Radio/Tv,Young
964,22,Male,1,Own,Little,Moderate,454,Low-Risk,6,Repairs,Young
965,26,Female,2,Own,Na,Moderate,1715,Common,30,Radio/Tv,Young
966,23,Male,1,Own,Quite Rich,Moderate,2520,Common,27,Radio/Tv,Young
967,54,Female,3,Rent,Little,Na,3568,Standart,15,Radio/Tv,Old
968,29,Male,2,Rent,Na,Na,7166,Default-Risk,42,Radio/Tv,Young
969,40,Male,1,Own,Little,Little,3939,Standart,11,Car,Young
970,22,Male,2,Own,Moderate,Moderate,1514,Common,15,Repairs,Young
971,43,Male,1,Own,Little,Na,7393,Default-Risk,24,Car,Young
972,29,Female,0,Rent,Little,Little,1193,Common,24,Car,Young
973,36,Male,2,Rent,Little,Little,7297,Default-Risk,60,Business,Young
974,33,Female,2,Own,Little,Na,2831,Common,30,Radio/Tv,Young
975,57,Female,1,Own,Quite Rich,Rich,1258,Common,24,Radio/Tv,Old
976,64,Female,2,Own,Little,Moderate,753,Low-Risk,6,Radio/Tv,Old
977,42,Male,2,Own,Na,Moderate,2427,Common,18,Business,Young
978,47,Male,1,Own,Little,Na,2538,Common,24,Car,Old
979,25,Male,2,Rent,Moderate,Moderate,1264,Common,15,Car,Young
980,49,Male,2,Own,Little,Moderate,8386,Default-Risk,30,Furniture/Equipment,Old
981,33,Male,3,Rent,Little,Na,4844,Standart,48,Business,Young
982,28,Female,3,Own,Moderate,Rich,2923,Common,21,Car,Young
983,26,Male,2,Own,Little,Little,8229,Default-Risk,36,Car,Young
984,30,Male,1,Own,Little,Na,2028,Common,24,Furniture/Equipment,Young
985,25,Female,2,Rent,Little,Little,1433,Common,15,Furniture/Equipment,Young
986,33,Male,2,Own,Little,Rich,6289,Standart,42,Business,Young
987,64,Female,2,Own,Moderate,Na,1409,Common,13,Radio/Tv,Old
988,29,Male,3,Free,Little,Little,6579,Standart,24,Car,Young
989,48,Male,1,Own,Little,Moderate,1743,Common,24,Radio/Tv,Old
990,37,Male,1,Own,Na,Na,3565,Standart,12,Education,Young
991,34,Male,1,Own,Moderate,Na,1569,Common,15,Radio/Tv,Young
992,23,Male,1,Rent,Na,Little,1936,Common,18,Radio/Tv,Young
993,30,Male,3,Own,Little,Little,3959,Standart,36,Furniture/Equipment,Young
994,50,Male,2,Own,Na,Na,2390,Common,12,Car,Old
995,31,Female,1,Own,Little,Na,1736,Common,12,Furniture/Equipment,Young
996,40,Male,3,Own,Little,Little,3857,Standart,30,Car,Young
997,38,Male,2,Own,Little,Na,804,Low-Risk,12,Radio/Tv,Young
998,23,Male,2,Free,Little,Little,1845,Common,45,Radio/Tv,Young
999,27,Male,2,Own,Moderate,Moderate,4576,Standart,45,Car,Young
